
-- DROP ALL EXISTING TABLES
BEGIN
   EXECUTE IMMEDIATE 'DROP TABLE BOARDING_PASS CASCADE CONSTRAINTS';
   EXECUTE IMMEDIATE 'DROP TABLE SECURITY_CHECK CASCADE CONSTRAINTS';
   EXECUTE IMMEDIATE 'DROP TABLE BAGGAGE CASCADE CONSTRAINTS';
   EXECUTE IMMEDIATE 'DROP TABLE FLIGHT_CREW CASCADE CONSTRAINTS';
   EXECUTE IMMEDIATE 'DROP TABLE FLIGHT_PASSENGER CASCADE CONSTRAINTS';
   EXECUTE IMMEDIATE 'DROP TABLE FREQUENT_FLYER CASCADE CONSTRAINTS';
   EXECUTE IMMEDIATE 'DROP TABLE TRANSFER_PASSENGER CASCADE CONSTRAINTS';
   EXECUTE IMMEDIATE 'DROP TABLE PILOT CASCADE CONSTRAINTS';
   EXECUTE IMMEDIATE 'DROP TABLE CREW CASCADE CONSTRAINTS';
   EXECUTE IMMEDIATE 'DROP TABLE PASSENGER CASCADE CONSTRAINTS';
   EXECUTE IMMEDIATE 'DROP TABLE FLIGHT CASCADE CONSTRAINTS';
   EXECUTE IMMEDIATE 'DROP TABLE AIRCRAFT CASCADE CONSTRAINTS';
   EXECUTE IMMEDIATE 'DROP TABLE GATE CASCADE CONSTRAINTS';
   EXECUTE IMMEDIATE 'DROP TABLE TERMINAL CASCADE CONSTRAINTS';
   EXECUTE IMMEDIATE 'DROP TABLE AIRLINE CASCADE CONSTRAINTS';
   EXECUTE IMMEDIATE 'DROP TABLE AIRPORT CASCADE CONSTRAINTS';
   EXECUTE IMMEDIATE 'DROP TABLE SECURITY_CHECKPOINT CASCADE CONSTRAINTS';
   EXCEPTION WHEN OTHERS THEN NULL;
END;
/

-- TABLE 1: AIRPORT

CREATE TABLE AIRPORT (
    Airport_ID     NUMBER PRIMARY KEY,
    Name           VARCHAR2(100) NOT NULL,
    City           VARCHAR2(50) NOT NULL,
    Country        VARCHAR2(50) NOT NULL,
    Capacity       NUMBER
);


-- TABLE 2: TERMINAL

CREATE TABLE TERMINAL (
    Terminal_ID     NUMBER PRIMARY KEY,
    Terminal_Name   VARCHAR2(50) NOT NULL,
    Capacity        NUMBER,
    Airport_ID      NUMBER NOT NULL,
    FOREIGN KEY (Airport_ID) REFERENCES AIRPORT(Airport_ID) ON DELETE CASCADE
);

-- TABLE 3: GATE
CREATE TABLE GATE (
    Gate_ID      NUMBER PRIMARY KEY,
    Gate_Type    VARCHAR2(20),
    Status       VARCHAR2(20) DEFAULT 'Available',
    Terminal_ID  NUMBER NOT NULL,
    FOREIGN KEY (Terminal_ID) REFERENCES TERMINAL(Terminal_ID) ON DELETE CASCADE
);

-- TABLE 4: AIRLINE
CREATE TABLE AIRLINE (
    Airline_ID   NUMBER PRIMARY KEY,
    Name         VARCHAR2(100) NOT NULL,
    IATA_Code    VARCHAR2(3) UNIQUE NOT NULL,
    Status       VARCHAR2(20) DEFAULT 'Active',
    Airline_Type VARCHAR2(20)
);

-- TABLE 5: AIRCRAFT
CREATE TABLE AIRCRAFT (
    Aircraft_ID     NUMBER PRIMARY KEY,
    Model           VARCHAR2(50) NOT NULL,
    Capacity        NUMBER,
    Registration_No VARCHAR2(20) UNIQUE NOT NULL,
    Status          VARCHAR2(20) DEFAULT 'Active'
);

-- TABLE 6: FLIGHT
CREATE TABLE FLIGHT (
    Flight_ID       NUMBER PRIMARY KEY,
    Status          VARCHAR2(20) DEFAULT 'Scheduled',
    Destination     VARCHAR2(100) NOT NULL,
    Departure_Time  DATE NOT NULL,
    Arrival_Time    DATE NOT NULL,
    Airline_ID      NUMBER NOT NULL,
    Aircraft_ID     NUMBER NOT NULL,
    Gate_ID         NUMBER NOT NULL,
    FOREIGN KEY (Airline_ID) REFERENCES AIRLINE(Airline_ID),
    FOREIGN KEY (Aircraft_ID) REFERENCES AIRCRAFT(Aircraft_ID),
    FOREIGN KEY (Gate_ID) REFERENCES GATE(Gate_ID)
);

-- TABLE 7: PASSENGER
CREATE TABLE PASSENGER (
    Passenger_ID    NUMBER PRIMARY KEY,
    Name            VARCHAR2(100) NOT NULL,
    Passport_No     VARCHAR2(20) UNIQUE NOT NULL,
    Nationality     VARCHAR2(50) NOT NULL,
    DOB             DATE,
    Contact_Number  VARCHAR2(15),
    Email           VARCHAR2(100)
);

-- TABLE 8: FLIGHT_PASSENGER (Booking)
CREATE TABLE FLIGHT_PASSENGER (
    Booking_ID      NUMBER PRIMARY KEY,
    Flight_ID       NUMBER NOT NULL,
    Passenger_ID    NUMBER NOT NULL,
    Booking_Date    DATE DEFAULT SYSDATE,
    Seat_Number     VARCHAR2(5),
    Status          VARCHAR2(20) DEFAULT 'Confirmed',
    FOREIGN KEY (Flight_ID) REFERENCES FLIGHT(Flight_ID),
    FOREIGN KEY (Passenger_ID) REFERENCES PASSENGER(Passenger_ID)
);

-- TABLE 9: BOARDING_PASS
CREATE TABLE BOARDING_PASS (
    Boarding_ID     NUMBER PRIMARY KEY,
    Seat_No         VARCHAR2(5) NOT NULL,
    Gate_Code       VARCHAR2(10) NOT NULL,
    Boarding_Time   DATE NOT NULL,
    Booking_ID      NUMBER NOT NULL,
    FOREIGN KEY (Booking_ID) REFERENCES FLIGHT_PASSENGER(Booking_ID)
);

-- TABLE 10: BAGGAGE
CREATE TABLE BAGGAGE (
    Baggage_ID      NUMBER PRIMARY KEY,
    Weight          NUMBER,
    Tag_Number      VARCHAR2(50) UNIQUE NOT NULL,
    Baggage_Type    VARCHAR2(20),
    Booking_ID      NUMBER NOT NULL,
    FOREIGN KEY (Booking_ID) REFERENCES FLIGHT_PASSENGER(Booking_ID)
);

-- TABLE 11: SECURITY_CHECKPOINT
CREATE TABLE SECURITY_CHECKPOINT (
    Checkpoint_ID   NUMBER PRIMARY KEY,
    Checkpoint_Name VARCHAR2(100) NOT NULL,
    Location        VARCHAR2(100) NOT NULL,
    Is_Operational  CHAR(1) DEFAULT 'Y'
);

-- TABLE 12: SECURITY_CHECK
CREATE TABLE SECURITY_CHECK (
    Check_ID        NUMBER PRIMARY KEY,
    Check_Type      VARCHAR2(20),
    Check_Time      DATE DEFAULT SYSDATE,
    Result          VARCHAR2(20),
    Passenger_ID    NUMBER NOT NULL,
    Checkpoint_ID   NUMBER NOT NULL,
    FOREIGN KEY (Passenger_ID) REFERENCES PASSENGER(Passenger_ID),
    FOREIGN KEY (Checkpoint_ID) REFERENCES SECURITY_CHECKPOINT(Checkpoint_ID)
);

-- TABLE 13: CREW
CREATE TABLE CREW (
    Employee_ID     NUMBER PRIMARY KEY,
    Name            VARCHAR2(100) NOT NULL,
    Role            VARCHAR2(50) NOT NULL,
    Contact         VARCHAR2(15),
    Hire_Date       DATE DEFAULT SYSDATE,
    Crew_Type       VARCHAR2(20)
);

-- TABLE 14: PILOT (Subclass)
CREATE TABLE PILOT (
    Pilot_ID        NUMBER PRIMARY KEY,
    License_No      VARCHAR2(20) UNIQUE NOT NULL,
    Flight_Hours    NUMBER DEFAULT 0,
    FOREIGN KEY (Pilot_ID) REFERENCES CREW(Employee_ID) ON DELETE CASCADE
);

-- TABLE 15: FLIGHT_CREW
CREATE TABLE FLIGHT_CREW (
    Assignment_ID   NUMBER PRIMARY KEY,
    Flight_ID       NUMBER NOT NULL,
    Employee_ID     NUMBER NOT NULL,
    Role_On_Flight  VARCHAR2(50),
    FOREIGN KEY (Flight_ID) REFERENCES FLIGHT(Flight_ID),
    FOREIGN KEY (Employee_ID) REFERENCES CREW(Employee_ID)
);

-- TABLE 16: FREQUENT_FLYER (Subclass)
CREATE TABLE FREQUENT_FLYER (
    FF_ID           NUMBER PRIMARY KEY,
    Miles_Earned    NUMBER DEFAULT 0,
    Tier_Level      VARCHAR2(20) DEFAULT 'Basic',
    Passenger_ID    NUMBER NOT NULL UNIQUE,
    FOREIGN KEY (Passenger_ID) REFERENCES PASSENGER(Passenger_ID)
);

-- TABLE 17: TRANSFER_PASSENGER (Subclass)
CREATE TABLE TRANSFER_PASSENGER (
    Transfer_ID        NUMBER PRIMARY KEY,
    Transit_Airport    VARCHAR2(100) NOT NULL,
    Layover_Duration   NUMBER,
    Passenger_ID       NUMBER NOT NULL UNIQUE,
    FOREIGN KEY (Passenger_ID) REFERENCES PASSENGER(Passenger_ID)
);

-- INSERT SAMPLE DATA - AIRPORT
INSERT INTO AIRPORT VALUES (1, 'John F. Kennedy International', 'New York', 'USA', 60000000);
INSERT INTO AIRPORT VALUES (2, 'London Heathrow', 'London', 'UK', 80000000);
INSERT INTO AIRPORT VALUES (3, 'Dubai International', 'Dubai', 'UAE', 90000000);
INSERT INTO AIRPORT VALUES (4, 'Tokyo Haneda', 'Tokyo', 'Japan', 85000000);
INSERT INTO AIRPORT VALUES (5, 'Istanbul Airport', 'Istanbul', 'Turkey', 70000000);

-- INSERT TERMINAL
INSERT INTO TERMINAL VALUES (1, 'Terminal 1', 20000000, 1);
INSERT INTO TERMINAL VALUES (2, 'Terminal 4', 25000000, 1);
INSERT INTO TERMINAL VALUES (3, 'Terminal 2', 18000000, 2);
INSERT INTO TERMINAL VALUES (4, 'Terminal 3', 22000000, 3);
INSERT INTO TERMINAL VALUES (5, 'Terminal 1', 30000000, 3);
INSERT INTO TERMINAL VALUES (6, 'Terminal 2', 20000000, 4);
INSERT INTO TERMINAL VALUES (7, 'Terminal 1', 25000000, 5);

-- INSERT GATE
INSERT INTO GATE VALUES (101, 'International', 'Available', 1);
INSERT INTO GATE VALUES (102, 'International', 'Occupied', 1);
INSERT INTO GATE VALUES (103, 'Domestic', 'Available', 2);
INSERT INTO GATE VALUES (201, 'International', 'Available', 3);
INSERT INTO GATE VALUES (202, 'Domestic', 'Maintenance', 3);
INSERT INTO GATE VALUES (301, 'International', 'Occupied', 4);
INSERT INTO GATE VALUES (302, 'International', 'Available', 5);
INSERT INTO GATE VALUES (401, 'Domestic', 'Available', 6);
INSERT INTO GATE VALUES (402, 'International', 'Available', 7);

-- INSERT AIRLINE
INSERT INTO AIRLINE VALUES (101, 'Delta Air Lines', 'DL', 'Active', 'International');
INSERT INTO AIRLINE VALUES (102, 'Emirates', 'EK', 'Active', 'International');
INSERT INTO AIRLINE VALUES (103, 'Turkish Airlines', 'TK', 'Active', 'International');
INSERT INTO AIRLINE VALUES (104, 'Japan Airlines', 'JL', 'Active', 'International');
INSERT INTO AIRLINE VALUES (105, 'Southwest Airlines', 'WN', 'Active', 'Domestic');

-- INSERT AIRCRAFT
INSERT INTO AIRCRAFT VALUES (1001, 'Boeing 777-300ER', 368, 'N701DN', 'Active');
INSERT INTO AIRCRAFT VALUES (1002, 'Airbus A380-800', 517, 'A6-EOE', 'Active');
INSERT INTO AIRCRAFT VALUES (1003, 'Boeing 787-9', 290, 'TC-LLN', 'Active');
INSERT INTO AIRCRAFT VALUES (1004, 'Airbus A350-900', 350, 'JA09XJ', 'Active');
INSERT INTO AIRCRAFT VALUES (1005, 'Boeing 737-800', 175, 'N8517W', 'Maintenance');

-- INSERT FLIGHT
INSERT INTO FLIGHT VALUES (10001, 'Scheduled', 'Dubai', DATE '2025-03-15', DATE '2025-03-15', 101, 1001, 101);
INSERT INTO FLIGHT VALUES (10002, 'Boarding', 'Istanbul', DATE '2025-03-15', DATE '2025-03-15', 102, 1002, 102);
INSERT INTO FLIGHT VALUES (10003, 'Departed', 'Tokyo', DATE '2025-03-15', DATE '2025-03-16', 103, 1003, 301);
INSERT INTO FLIGHT VALUES (10004, 'Delayed', 'London', DATE '2025-03-15', DATE '2025-03-16', 104, 1004, 201);
INSERT INTO FLIGHT VALUES (10005, 'Scheduled', 'New York', DATE '2025-03-16', DATE '2025-03-16', 105, 1005, 103);

-- INSERT PASSENGER
INSERT INTO PASSENGER VALUES (5001, 'John Smith', 'P12345678', 'USA', DATE '1985-06-15', '+12125551234', 'john@email.com');
INSERT INTO PASSENGER VALUES (5002, 'Ahmed Al-Mansoori', 'P87654321', 'UAE', DATE '1990-11-20', '+971501234567', 'ahmed@email.com');
INSERT INTO PASSENGER VALUES (5003, 'Mehmet Yilmaz', 'P11223344', 'Turkey', DATE '1988-03-10', '+905321234567', 'mehmet@email.com');
INSERT INTO PASSENGER VALUES (5004, 'Yuki Tanaka', 'P44332211', 'Japan', DATE '1995-07-25', '+819012345678', 'yuki@email.com');
INSERT INTO PASSENGER VALUES (5005, 'Emma Wilson', 'P99887766', 'UK', DATE '1992-12-01', '+447911123456', 'emma@email.com');
INSERT INTO PASSENGER VALUES (5006, 'Carlos Rodriguez', 'P55667788', 'Spain', DATE '1980-04-18', '+34600123456', 'carlos@email.com');
INSERT INTO PASSENGER VALUES (5007, 'Fatima Khan', 'P33445566', 'India', DATE '1998-09-05', '+919876543210', 'fatima@email.com');

-- INSERT FLIGHT_PASSENGER (Bookings)
INSERT INTO FLIGHT_PASSENGER VALUES (100001, 10001, 5001, DATE '2025-02-01', '12A', 'Confirmed');
INSERT INTO FLIGHT_PASSENGER VALUES (100002, 10001, 5002, DATE '2025-02-02', '12B', 'Confirmed');
INSERT INTO FLIGHT_PASSENGER VALUES (100003, 10002, 5003, DATE '2025-02-05', '5C', 'Confirmed');
INSERT INTO FLIGHT_PASSENGER VALUES (100004, 10002, 5004, DATE '2025-02-06', '5D', 'Confirmed');
INSERT INTO FLIGHT_PASSENGER VALUES (100005, 10003, 5005, DATE '2025-02-10', '8A', 'Confirmed');
INSERT INTO FLIGHT_PASSENGER VALUES (100006, 10004, 5006, DATE '2025-02-15', '15F', 'Confirmed');
INSERT INTO FLIGHT_PASSENGER VALUES (100007, 10005, 5007, DATE '2025-02-20', '3B', 'Confirmed');

-- INSERT BOARDING_PASS
INSERT INTO BOARDING_PASS VALUES (200001, '12A', 'B2', DATE '2025-03-15', 100001);
INSERT INTO BOARDING_PASS VALUES (200002, '12B', 'B2', DATE '2025-03-15', 100002);
INSERT INTO BOARDING_PASS VALUES (200003, '5C', 'C5', DATE '2025-03-15', 100003);
INSERT INTO BOARDING_PASS VALUES (200004, '5D', 'C5', DATE '2025-03-15', 100004);
INSERT INTO BOARDING_PASS VALUES (200005, '8A', 'D1', DATE '2025-03-15', 100005);

-- INSERT BAGGAGE
INSERT INTO BAGGAGE VALUES (300001, 23.5, 'TAG001234', 'Checked', 100001);
INSERT INTO BAGGAGE VALUES (300002, 7.0, 'TAG001235', 'Cabin', 100001);
INSERT INTO BAGGAGE VALUES (300003, 28.0, 'TAG002345', 'Checked', 100002);
INSERT INTO BAGGAGE VALUES (300004, 5.5, 'TAG003456', 'Cabin', 100003);
INSERT INTO BAGGAGE VALUES (300005, 32.0, 'TAG004567', 'Checked', 100004);
INSERT INTO BAGGAGE VALUES (300006, 6.0, 'TAG005678', 'Cabin', 100005);

-- INSERT SECURITY_CHECKPOINT
INSERT INTO SECURITY_CHECKPOINT VALUES (4001, 'Main Checkpoint West', 'Level 2, Terminal 1', 'Y');
INSERT INTO SECURITY_CHECKPOINT VALUES (4002, 'Premium Security', 'Level 2, Terminal 4', 'Y');
INSERT INTO SECURITY_CHECKPOINT VALUES (4003, 'North Checkpoint', 'Level 1, Terminal 2', 'Y');
INSERT INTO SECURITY_CHECKPOINT VALUES (4004, 'South Checkpoint', 'Level 1, Terminal 3', 'N');

-- INSERT SECURITY_CHECK
INSERT INTO SECURITY_CHECK VALUES (500001, 'Standard', DATE '2025-03-15', 'Pass', 5001, 4001);
INSERT INTO SECURITY_CHECK VALUES (500002, 'Standard', DATE '2025-03-15', 'Pass', 5002, 4001);
INSERT INTO SECURITY_CHECK VALUES (500003, 'Enhanced', DATE '2025-03-15', 'Pass', 5003, 4003);
INSERT INTO SECURITY_CHECK VALUES (500004, 'Standard', DATE '2025-03-15', 'Review', 5006, 4001);

-- INSERT CREW
INSERT INTO CREW VALUES (7001, 'Captain James Wilson', 'Captain', '+12125559999', DATE '2010-05-10', 'Pilot');
INSERT INTO CREW VALUES (7002, 'First Officer Sarah Chen', 'First Officer', '+12125558888', DATE '2015-08-15', 'Pilot');
INSERT INTO CREW VALUES (7003, 'Lia Martinez', 'Flight Attendant', '+12125557777', DATE '2018-03-20', 'Cabin Crew');
INSERT INTO CREW VALUES (7004, 'David Kim', 'Flight Attendant', '+12125556666', DATE '2019-11-01', 'Cabin Crew');
INSERT INTO CREW VALUES (7005, 'Robert Taylor', 'Ground Crew Lead', '+12125555555', DATE '2012-07-12', 'Ground Crew');

-- INSERT PILOT
INSERT INTO PILOT VALUES (7001, 'ATP-123456', 8500);
INSERT INTO PILOT VALUES (7002, 'ATP-789012', 3200);

-- INSERT FLIGHT_CREW
INSERT INTO FLIGHT_CREW VALUES (800001, 10001, 7001, 'Captain');
INSERT INTO FLIGHT_CREW VALUES (800002, 10001, 7002, 'First Officer');
INSERT INTO FLIGHT_CREW VALUES (800003, 10001, 7003, 'Lead Flight Attendant');
INSERT INTO FLIGHT_CREW VALUES (800004, 10002, 7001, 'Captain');

-- INSERT FREQUENT_FLYER
INSERT INTO FREQUENT_FLYER VALUES (9001, 25000, 'Gold', 5001);
INSERT INTO FREQUENT_FLYER VALUES (9002, 12000, 'Silver', 5003);
INSERT INTO FREQUENT_FLYER VALUES (9003, 50000, 'Platinum', 5005);

-- INSERT TRANSFER_PASSENGER
INSERT INTO TRANSFER_PASSENGER VALUES (9101, 'Dubai International', 180, 5002);
INSERT INTO TRANSFER_PASSENGER VALUES (9102, 'Istanbul Airport', 240, 5004);

COMMIT;

-- STORED PROCEDURES 

-- PROCEDURE 1: Add New Flight
CREATE OR REPLACE PROCEDURE ADD_NEW_FLIGHT (
    p_Flight_ID IN NUMBER,
    p_Destination IN VARCHAR2,
    p_Departure_Time IN DATE,
    p_Arrival_Time IN DATE,
    p_Airline_ID IN NUMBER,
    p_Aircraft_ID IN NUMBER,
    p_Gate_ID IN NUMBER
) IS
BEGIN
    INSERT INTO FLIGHT (Flight_ID, Status, Destination, Departure_Time, Arrival_Time, Airline_ID, Aircraft_ID, Gate_ID)
    VALUES (p_Flight_ID, 'Scheduled', p_Destination, p_Departure_Time, p_Arrival_Time, p_Airline_ID, p_Aircraft_ID, p_Gate_ID);
    
    UPDATE GATE SET Status = 'Occupied' WHERE Gate_ID = p_Gate_ID;
    COMMIT;
    DBMS_OUTPUT.PUT_LINE('Flight ' || p_Flight_ID || ' added successfully');
END;
/

-- PROCEDURE 2: Cancel Booking
CREATE OR REPLACE PROCEDURE CANCEL_BOOKING (
    p_Booking_ID IN NUMBER
) IS
BEGIN
    UPDATE FLIGHT_PASSENGER SET Status = 'Cancelled' WHERE Booking_ID = p_Booking_ID;
    COMMIT;
    DBMS_OUTPUT.PUT_LINE('Booking ' || p_Booking_ID || ' cancelled');
END;
/

-- PROCEDURE 3: Update Flight Status
CREATE OR REPLACE PROCEDURE UPDATE_FLIGHT_STATUS (
    p_Flight_ID IN NUMBER,
    p_New_Status IN VARCHAR2
) IS
    v_Gate_ID NUMBER;
BEGIN
    SELECT Gate_ID INTO v_Gate_ID FROM FLIGHT WHERE Flight_ID = p_Flight_ID;
    UPDATE FLIGHT SET Status = p_New_Status WHERE Flight_ID = p_Flight_ID;
    
    IF p_New_Status = 'Arrived' THEN
        UPDATE GATE SET Status = 'Available' WHERE Gate_ID = v_Gate_ID;
    END IF;
    COMMIT;
END;
/

-- TRIGGER 

-- TRIGGER: Auto-update gate status when flight is assigned
CREATE OR REPLACE TRIGGER TRG_UPDATE_GATE
AFTER INSERT ON FLIGHT
FOR EACH ROW
BEGIN
    UPDATE GATE SET Status = 'Occupied' WHERE Gate_ID = :NEW.Gate_ID;
END;
/

-- TRIGGER: Log flight status changes
CREATE TABLE FLIGHT_LOG (
    Log_ID NUMBER PRIMARY KEY,
    Flight_ID NUMBER,
    Old_Status VARCHAR2(20),
    New_Status VARCHAR2(20),
    Change_Date DATE DEFAULT SYSDATE
);

CREATE SEQUENCE flight_log_seq;

CREATE OR REPLACE TRIGGER TRG_LOG_FLIGHT_STATUS
AFTER UPDATE OF Status ON FLIGHT
FOR EACH ROW
BEGIN
    INSERT INTO FLIGHT_LOG (Log_ID, Flight_ID, Old_Status, New_Status)
    VALUES (flight_log_seq.NEXTVAL, :OLD.Flight_ID, :OLD.Status, :NEW.Status);
END;
/

-- VIEW 

-- VIEW 1: Flight Schedule View
CREATE OR REPLACE VIEW FLIGHT_SCHEDULE_VIEW AS
SELECT 
    f.Flight_ID,
    f.Destination,
    f.Departure_Time,
    f.Status,
    a.Name AS Airline_Name,
    ac.Model AS Aircraft_Model,
    g.Gate_ID
FROM FLIGHT f
JOIN AIRLINE a ON f.Airline_ID = a.Airline_ID
JOIN AIRCRAFT ac ON f.Aircraft_ID = ac.Aircraft_ID
JOIN GATE g ON f.Gate_ID = g.Gate_ID;

-- VIEW 2: Passenger Booking Summary
CREATE OR REPLACE VIEW PASSENGER_BOOKING_VIEW AS
SELECT 
    p.Passenger_ID,
    p.Name,
    COUNT(b.Booking_ID) AS Total_Bookings,
    MAX(b.Booking_Date) AS Last_Booking
FROM PASSENGER p
LEFT JOIN FLIGHT_PASSENGER b ON p.Passenger_ID = b.Passenger_ID
GROUP BY p.Passenger_ID, p.Name;

-- QUERIES FOR PROJECT SUBMISSION

-- 1. SIMPLE SELECT
SELECT * FROM AIRPORT;
SELECT * FROM FLIGHT WHERE Status = 'Scheduled';

-- 2. JOIN QUERY 1: Flights with Airline and Aircraft
SELECT f.Flight_ID, f.Destination, a.Name AS Airline, ac.Model AS Aircraft, f.Status
FROM FLIGHT f
JOIN AIRLINE a ON f.Airline_ID = a.Airline_ID
JOIN AIRCRAFT ac ON f.Aircraft_ID = ac.Aircraft_ID;

-- 3. JOIN QUERY 2: Passengers with their flights
SELECT p.Name, f.Destination, fp.Seat_Number, fp.Status
FROM PASSENGER p
JOIN FLIGHT_PASSENGER fp ON p.Passenger_ID = fp.Passenger_ID
JOIN FLIGHT f ON fp.Flight_ID = f.Flight_ID;

-- 4. SUBQUERY: Find flights with more than 1 passenger
SELECT Flight_ID, Destination
FROM FLIGHT f
WHERE (SELECT COUNT(*) FROM FLIGHT_PASSENGER fp WHERE fp.Flight_ID = f.Flight_ID) > 1;

-- 5. SUBQUERY 2: Find passengers who are frequent flyers
SELECT Name FROM PASSENGER 
WHERE Passenger_ID IN (SELECT Passenger_ID FROM FREQUENT_FLYER);

-- 6. VIEW QUERY
SELECT * FROM FLIGHT_SCHEDULE_VIEW;
SELECT * FROM PASSENGER_BOOKING_VIEW;

-- 7. TEST PROCEDURES
BEGIN
    ADD_NEW_FLIGHT(10099, 'Paris', DATE '2025-04-01', DATE '2025-04-01', 101, 1001, 302);
END;
/

BEGIN
    CANCEL_BOOKING(100001);
END;
/

BEGIN
    UPDATE_FLIGHT_STATUS(10099, 'Departed');
END;
/

COMMIT;

SELECT 'DATABASE SETUP COMPLETE - ALL REQUIREMENTS MET' AS STATUS FROM DUAL;